time,Real,Predicted Value
39.002562,33.51815782643404,45.6652611000244
39.303957,33.81879541125873,45.82155079088891
39.625445,34.11181157196021,46.146296267212136
39.901724,34.405355008383005,46.46589346566847
40.233258,34.7387811576059,46.68660239254271
40.509537,35.136640634839985,46.99699281671151
40.82252,35.53401980969096,47.22569660574767
41.107164,35.93374530278511,47.48419088587131
41.441146,36.344282883999824,47.73415480777753
41.73338,36.781874759351766,47.958771916390134
42.0181,37.1980667561525,48.201116762840044
42.358065,37.56306720898108,48.405460178684834
42.602556,37.92164758081096,48.61476397904371
42.908171,38.26510253773991,48.84023600241159
43.24271,38.623940088596434,49.020707567782296
43.515318,38.99207248874961,49.23809078231186
43.846992,39.38697147134354,49.50040869216511
44.13246,39.82876746046453,49.70907365512444
44.401962,40.29254227453008,49.95509181662172
44.707825,40.78378239944212,50.19904315123813
45.018393,41.284635618017134,50.38551790923101
45.331647,41.77578414491968,50.66463348482516
45.62527,42.242203557925976,50.91718094033247
45.918708,42.68880491954499,51.19679443331157
46.218454,43.13111996405311,51.4426153067884
46.511378,43.51445528511526,51.71424333227321
46.818233,43.83376594620856,51.97960511444193
47.119272,44.12516739840936,52.32225682728763
47.420312,44.41658294261161,52.617014524502935
47.721352,44.6977089770808,52.885579888337
48.022392,44.96930177256196,53.31047252170613
48.30623,45.28259984636546,53.58286151526982
48.637374,45.60943563623866,54.015814773474354
48.921211,45.97556227485063,54.28971630852813
49.223469,46.38104787354175,54.658447618743374
49.500911,46.817707328130396,54.99655231245115
49.823437,47.280202118729946,55.30485712040381
50.132438,47.70646637357457,55.65464878065616
50.426179,48.1276081858883,55.996887128125685
50.719921,48.578932716663495,56.288910977057654
51.013662,49.049553894771925,56.63842079728079
51.315797,49.51860616338442,57.135577214139325
51.620449,49.9569965854858,57.55458878556561
51.925101,50.48542080491826,57.86105223866077
52.230874,51.118471089194145,58.26346343236659
52.522778,51.78882055266905,58.67370977888446
52.835247,52.49769989680385,59.0662002035621
53.117402,53.219745867636576,59.52279984021734
53.431973,54.02018094526019,59.901217052769766
53.736338,54.915380035371804,60.33287384683994
54.0012,55.86174013678574,60.66916536969313
54.31496,56.81060626579273,60.96908073944297
54.628719,57.76303767116922,61.325054091002656
54.942479,58.6862305221821,61.64753545242457
55.211416,59.58562198272821,61.978641118740306
55.515911,60.489637968420276,62.35285891485751
55.837432,61.24726154560692,62.77066796882583
56.12516,61.929732479004755,63.17404681329861
56.42832,62.638560152467534,63.539424227166265
56.731574,63.42664124214412,63.98530454804389
57.006286,64.25209901702776,64.46306097622515
57.320243,65.05714687646278,64.9217838077671
57.6342,65.78019807673302,65.39683457166795
57.908912,66.39341621762017,65.80901621971972
58.207171,66.98849325529386,66.29087811765982
58.517989,67.59368365268236,66.84653512991467
58.803065,68.20173002903351,67.47807287270047
59.119853,68.85454669402463,68.00113038824338
59.408853,69.58091421197192,68.56056405688966
59.738383,70.30977131684386,69.27754630186425
60.015577,70.99129808614386,69.94083802127436
60.329754,71.67327579949057,70.49820486303976
60.6461,72.53593176089609,71.35429395176469
60.927746,73.49562994169239,72.04410681792345
61.233529,74.49083996616912,72.7945340796976
61.510533,75.47947842063144,73.60439200896445
61.821877,76.53085916292969,74.42122078162046
62.120667,77.59648222137068,75.24511434434197
62.405875,78.65912717016968,75.95370715111375
62.715422,79.81489206461961,76.65422993838249
63.002169,80.98225467627155,77.42574822900917
63.323462,82.07284406396671,78.24736828216173
63.620483,83.07066580604746,78.99636755445455
63.902204,84.05131409568168,79.59150096013407
64.206685,85.03165705861758,80.37570205207521
64.514259,86.02887754196934,80.99196406527783
64.832522,87.01437348010597,81.53959333403404
65.109189,87.95002131174301,82.20830107933878
65.429837,88.92195134980702,83.13793162635221
65.71842,89.9711008585407,83.67403833524754
66.012185,91.15125431018492,84.34638181692911
66.329144,92.51015070835405,85.00796370682868
66.612583,94.07846834022754,85.72255500888879
66.908093,95.79355416731208,86.43956543786629
67.218569,97.62549087050702,87.23894361538038
67.52023,99.54802035375765,88.01354805432692
67.810702,101.535387135728,88.81742627764072
68.108194,103.76445053208109,89.64119301234909
68.410607,106.36811690592462,90.46877867945327
68.720164,109.1350719980247,91.63889862605762
69.023991,111.76328663841241,92.70538599392154
69.3134,114.1879376203695,93.5866903705931
69.614859,116.52559397997713,94.94427151529257
69.900551,119.00165258326209,96.31684185221219
70.211775,121.98696793532632,97.23682877289282
70.505292,125.42568873704809,98.41845718735658
70.815055,129.0903137168492,99.75489093519768
71.110492,132.70418870205725,100.82749892902926
71.413023,136.4359197928132,102.23934837135309
71.724572,140.44094176522634,103.2738328039002
72.016943,144.21491128169322,104.37338470452424
72.309315,147.81597194023988,105.7498538285146
72.627335,150.87004686476365,106.68310132256954
72.928224,153.3214162814898,107.9484972910483
73.201459,155.02909441313994,109.23370661358051
73.518019,155.9503355219506,110.19574876395306
73.827374,157.06928741125188,111.75158088253256
74.120262,158.8052622818347,113.31728679680205
74.411097,160.35817265877807,114.87797595855162
74.724658,161.80544939277354,116.6813857534567
75.023153,163.67346631704117,118.65358014718791
75.304922,166.1677129968778,120.96055352228224
75.615869,169.25485715149557,122.50899203742881
75.932464,172.3340722066249,125.21138697350456
76.221117,174.59290730473015,128.09417831760987
76.517603,176.2207307614375,130.4441041131558
76.809031,177.4598122658557,133.26537917355228
77.111427,178.82851199970753,135.91273075192333
77.40698,180.72762527386465,139.1740144659222
77.700329,182.73195882559338,141.6905077187311
78.003979,184.51279323415878,145.15790104609118
78.307631,185.8681431452937,148.01998654271722
78.619256,187.09142281874085,152.59733166777914
78.91294,188.6687311475461,155.08907936602344
79.23028,190.8297677555156,158.05677032159446
79.526641,194.1695157336465,161.48277074333123
79.800652,199.2995867346595,163.96234295231363
80.105784,204.2918567507242,166.5639143152734
80.409905,208.20618260173757,168.9724816262302
80.708011,211.38646549134154,170.8594757791313
81.005667,213.85324216299784,172.64176636118094
81.315475,216.00129534028838,174.8486301578999
81.613298,218.04527438945934,175.50940410638242
81.902871,219.22116735932872,177.66443752172972
82.217325,219.43299832528282,179.04966247596087
82.502885,219.88392358268334,180.83181213799588
82.804871,221.91195048620102,183.70193947012206
83.108744,225.38222797652662,186.3958416266509
83.412436,228.37014565152725,188.43756595558824
83.700578,231.89987259868087,191.1505017087564
84.013183,237.15821839165494,194.44181078053379
84.30069,243.45322818006866,196.30590073372775
84.612155,249.98148877665648,198.97161888733564
84.911023,255.84550879240248,200.8625400113104
85.223365,260.65302327465247,203.6939801020937
85.507213,264.0799537684856,205.2081374750207
85.809911,267.9603460799822,207.41005967656088
86.117956,274.0247355671611,208.39199033832801
86.423225,279.54372701914843,211.1441770128975
86.728495,283.49820567965656,214.70013387210292
87.007646,286.6364192475672,216.62735599183986
87.323541,289.0007564632733,219.34730016706777
87.614259,290.32929399296273,222.873118932483
87.922809,290.560816182291,226.12863432055076
88.218593,290.024230345346,228.82963884581574
88.508644,290.641892164027,232.05182195309555
88.807092,291.37244030907425,236.1465442121385
89.101459,292.49091307032586,236.73769427873856
89.410231,295.2352082240775,237.7687778415999
89.702852,299.9563481320423,240.65248986313395
90.01904,305.5624093637202,242.3121518484744
90.318135,309.8771359495644,243.47990903616721
90.604289,312.31849065058594,247.91013366598156
90.917701,313.476890749309,252.22070780872872
91.200411,313.3041040220681,253.36862345836522
91.509461,314.28712446528147,261.7676818008422
91.803089,317.0850255925888,267.2657795119974
92.110967,319.7226161112816,271.64591177395357
92.424012,321.0750348861127,277.65079543629867
92.720598,320.81299881628865,281.722444391617
93.000599,321.02428489151964,285.47069130808467
93.321524,321.7502484387584,288.5089268229668
93.617679,319.85147337263635,291.06510315188854
93.922455,316.1846970139456,294.1524539891944
94.223002,313.7657955685844,295.8938871616762
94.504039,314.67636433495557,300.0727104854354
94.810103,318.0169766225094,301.7872749084659
95.122931,322.60439283128176,301.42550504697215
95.408612,326.528150928606,304.6358132943546
95.719221,327.2619684179921,302.19800977770103
96.002519,326.398203885805,304.83749801925717
96.301463,325.7479801490826,307.44650995898803
96.60508,325.3670263762673,308.8424072556586
96.916204,325.7108712119033,310.6959000237543
97.216861,326.6284671896695,312.37198388813
97.511375,326.09887098544885,317.02260742078647
97.822727,323.40004602307647,322.1179745195361
98.106551,321.82206127820103,323.7162705358499
98.406257,321.0696423468871,323.2643870223501
98.700128,321.2979515598824,328.14732189641666
99.01307,321.5374967953755,326.7253825810471
99.318094,320.4912314496074,326.92620299652674
99.602575,319.36353312473295,327.31690843435274
99.920759,320.7485701856113,329.60950796795737
100.202,322.85344547042683,332.393974720539
100.52748,325.9557714079514,330.9905616897562
100.82114,328.4034393256273,330.9674132286904
101.11046,329.37697115452397,330.654270166903
101.4101,328.0700413604073,329.82547258767323
101.70892,326.63741091326307,328.77304433993305
102.01254,326.97447279886273,329.66204294940206
102.30098,330.013178047127,330.332521589557
102.60461,333.2744993397964,332.9438634068627
102.90823,334.8779436339771,335.6520078795343
103.21185,336.2164019326947,337.58133440482277
103.5003,339.6374137859145,338.2408400731738
103.80392,344.6696111394505,339.3684632407071
104.11151,349.3725441815284,338.51899739266867
104.41135,352.7544366386938,341.7441492149228
104.71118,355.5559265290397,340.83151362167075
105.01101,356.1826635966613,339.6237351498301
105.31084,355.43736582341876,342.3376291590977
105.61067,353.9424863084897,343.67644445518556
105.91051,352.05641283301736,341.9424142808043
106.21034,352.90922318273584,341.685113123471
106.50063,357.7495438443858,341.8052521332555
106.80046,361.307492373131,343.3202362369349
107.10029,364.4814620460807,342.38539164938106
107.40013,363.96498079788597,342.55599881372945
107.71495,361.65697400935125,344.7350731835683
108.01478,360.1144447401504,345.7643529702427
108.31461,360.51251559740643,345.98373724897965
108.61445,361.57516524353923,346.28447934948184
108.91428,363.26710730689183,348.7021782773851
109.21411,365.4025904188796,351.28597492916936
109.51394,366.26280376669865,349.0685703153579
109.81378,366.1383432097996,350.73390667995307
110.11361,365.11357286359254,353.3767394231891
110.41344,364.40769511576883,356.3595463989934
110.71327,363.8718232735645,356.45390644077287
111.0131,363.37353010192146,356.0026617646726
111.31294,362.5974553974892,362.65637875292936
111.61277,361.72705822994806,367.8476466189515
111.9126,361.22527024194284,371.62223618348264
112.21243,361.1549981279932,371.1530664815246
112.51226,361.9473443967785,371.82903160758156
112.8121,365.7016790578771,372.17580757952135
113.11193,368.47614988408947,371.8545099462221
113.41176,365.68337824531375,369.96028189923794
113.71159,362.9207822789988,375.295213022816
114.01143,363.89700098284055,376.31754075543654
114.31126,367.8707575013467,375.3559777331136
114.61109,370.51689716759216,374.60079676951347
114.91092,373.6188661077463,378.06404704844414
115.21075,377.16520282728806,376.8399970122505
115.51059,381.2584219395086,377.73745082259575
115.81042,385.2820453538496,381.10032847245714
116.11025,390.1919617133791,376.53140096960095
116.41008,391.82528105065603,377.8808134507872
116.70991,392.37438058489795,380.0630444289532
117.00975,394.1722569205629,378.9393670218288
117.30958,395.0897025836468,378.2229296675774
117.60941,390.21330639825794,378.17715884683366
117.90924,383.20296782637433,377.5334737987889
118.20907,377.40236181720053,382.36601567563275
118.50891,372.81145079206595,377.6226855627015
118.80874,371.67323043943435,375.61425593588154
119.10857,372.7573750851282,379.00614431941625
119.4084,372.4424658258244,376.794376506189
119.70824,371.1811377484339,377.75210650411464
120.00807,371.3383293273919,377.2678677552616
120.3079,372.4809463844792,381.8883531941279
120.60773,373.5277754103057,382.44996642566673
120.90756,375.64991809424424,381.0314091906477
121.2074,378.66083391562836,381.2377536706999
121.50723,378.09839395333717,381.99098054343085
121.80706,377.14618801998404,384.663613172422
122.10689,376.20980270693724,388.4250502022567
122.40672,376.03047729101866,389.72508431032537
122.70656,376.57499222745207,391.80419941647114
123.00639,376.9708083644744,394.0324642660748
123.30622,377.16572892867595,398.20730425075453
123.60605,376.9475847460675,400.2010030387144
123.90589,375.7190252694065,399.8372415076809
124.20572,373.95944159904354,400.5282005232918
124.50555,373.9420050959031,402.1293900972388
124.80538,376.7140708871995,399.00506184810064
125.10521,377.90948597642546,395.6341423627391
125.40505,377.7701442659841,394.02603831340883
125.70488,378.23465421279246,391.23304120260974
126.00471,379.0270756389189,387.2597356281504
126.30454,379.52243767425813,387.3398533537871
126.60437,379.2248897607537,383.946198772736
126.90421,378.524235448138,385.92336294564893
127.20404,378.7817244988241,386.0498527507583
127.50387,379.93159423932974,382.90519444084646
127.80738,381.8907582290438,384.6721059519689
128.10379,382.44147364611985,386.3298138464401
128.40019,380.74430814755925,388.4246744155511
128.71142,379.8989759532825,387.80857211169837
129.00783,379.2034699185337,387.90240605209
129.30423,377.46643345050757,389.0422422875557
129.60064,377.65098230163414,390.69070582906886
129.91187,379.6204052684115,388.1480954002198
130.20827,381.6121875441728,387.80177037232676
130.50468,383.2875198351373,389.49701935868876
130.80109,383.3420464861218,389.413218923337
131.11231,382.1500510559169,389.947061517331
131.40872,380.95568816946667,388.4344072912265
131.70512,379.59635491925224,388.43500854995546
132.00153,379.06491736017415,388.5398906194921
132.31276,379.6074782057384,387.7085001119936
132.60916,380.3926469484465,387.69752714018966
132.90557,381.32373366894416,389.284812606029
133.20198,381.63263034095814,389.1413748204965
133.5132,381.41027734724685,388.85773101509966
133.80961,379.10783220195515,388.87640761436865
134.10602,375.6722398245576,388.09736419496204
134.40242,373.61368025120885,387.980269057493
134.71365,372.27321149361626,388.3036710963437
135.01006,369.5982114083797,390.32938691162184
135.30646,364.4070562783693,391.86124383838325
135.60287,359.1807275127135,390.6699248242485
135.9141,356.3000969421654,387.9313040497516
136.2105,354.27885298868404,388.4020144772026
136.50691,353.92711663223014,387.29889260287524
136.80332,355.0646605687917,387.54503289505186
137.11454,356.2561298976087,387.59253233464136
137.41095,356.5329719636339,389.1276586057416
137.70736,356.379200043697,388.26549116705337
138.00376,356.8613719656692,388.1857116494517
138.30017,358.02668653977554,388.7286482817216
138.6114,359.6496717426481,386.83885451786364
138.9032,359.7684579202924,386.6695250283144
139.21008,359.2468283942308,387.55795995772496
139.50236,359.7940114162741,387.9440432190719
139.80924,359.83339386302237,387.39141128979725
140.10152,358.2215695253065,388.3094206329396
140.40841,357.4835244354823,384.12988331443967
140.70068,358.7999428439157,385.3901216103839
141.00757,359.5662095153314,385.34923601681317
141.31445,358.865705517398,384.0271056504545
141.60673,357.06463499473534,383.2188260253512
141.91362,355.50797614540346,380.97105784572625
142.20589,355.033620586908,375.87136919986204
142.50254,355.1421477874891,375.7389043861334
142.80416,357.1660222479098,373.74486739013844
143.10578,359.9760424964731,373.5801224983976
143.4074,361.96823813761057,369.3826977327106
143.70902,362.81169139835924,366.0867476951189
144.01064,363.457518430626,368.2303477999479
144.31226,364.2519691049627,369.4414331947979
144.61388,363.06166471493316,366.57440610299307
144.90113,360.13285828872546,367.3803934291921
145.20275,357.9928281575998,367.73152852691703
145.50437,357.94130780026023,369.1910089341773
145.80599,358.80648153259335,369.9937644947081
146.10761,359.4612522884537,368.9577581260032
146.40923,358.9192927016184,371.058293074369
146.71085,357.54278599895747,371.74207456390263
147.01247,355.58302075051444,370.27575483860016
147.3141,354.03188596575507,371.2679820561011
147.60135,355.2690509579746,370.97847597809675
147.90297,358.5855565283634,371.2003780277613
148.20459,361.29930022294866,371.764058086181
148.50621,362.3032519856647,370.90324347963303
148.80783,360.3368353125323,369.11735473987716
149.10945,357.0058243753069,372.4596392782709
149.41107,355.4034322839019,368.361572517548
149.71269,355.98593925627284,369.48228120969804
150.01431,357.76344795249355,370.3009701265468
150.30157,359.47485576719686,370.2775210361166
150.60319,362.31313517602234,370.19127798717835
150.90481,366.176598296431,372.94395318446516
151.20643,368.95764538999157,374.8373920793675
151.50805,369.95006050084527,371.817344641037
151.80967,369.7060246142201,372.9469218994395
152.11129,367.87143391741677,373.99758394966324
152.41291,366.10640133982247,370.9079032347826
152.70017,368.0079948062366,371.2690718375474
153.00179,372.2627646232002,372.18617929259625
153.30341,376.05960076070363,372.1611518980024
153.60503,378.3862465698368,371.53535429714486
153.90665,380.83284349540173,372.52713057059907
154.20827,384.1443511026058,371.6970553165702
154.50989,387.71620373945865,370.1202167211469
154.81151,391.193959385226,369.1596683229292
155.11313,392.8942063347726,374.0782653553584
155.40038,392.36438465852865,373.4137241451521
155.702,390.9985127196366,374.9522700752734
156.00362,389.86780810111725,374.26675996689397
156.30524,390.76560011949755,374.83908311954275
156.60686,393.82363959376556,371.32299722980287
156.90848,396.1830915822988,373.8304716016771
157.2101,397.08554335582875,375.99722016757187
157.51172,397.71175432206246,377.2033827565784
157.81334,398.1763018475414,378.9395173365111
158.1006,400.22313687567504,380.2802491447976
158.40222,402.55087246625453,381.6463841343836
158.70384,404.096595922453,384.6523771499242
159.00546,405.0652237348414,383.3168311981751
159.30708,405.7233765710523,383.0246946132315
159.6087,406.5063657508678,384.9229811566362
159.91032,407.0293105303991,388.0116472474117
160.21194,407.0293105303991,385.5044359262314
160.51356,406.8485947036697,387.3852483878252
160.80082,407.5138874872872,392.59722210132657
161.10244,408.8555963410083,392.0931418144171
161.40406,410.39256396696607,394.18349294306074
161.70568,411.8192006161558,397.4281856740068
162.0073,413.66344903129334,398.96530361464676
162.30892,415.1576521301523,403.9421851651166
162.61054,415.31544496783926,400.1243049720988
162.91216,415.4670749035542,400.89222510501924
163.21378,415.5859362385396,402.47060442593556
163.50104,415.88013965036413,402.71877396632243
163.80266,417.18742644185113,404.75350866253535
164.10428,419.5514630281928,403.66613225117317
164.4059,424.5329667551417,404.71893628561895
164.70752,432.02412441685726,406.02569697571806
165.00914,438.4784114004451,404.1886260866577
165.31076,440.6106251680941,407.730115157697
165.61238,441.7588038684244,408.6825465630735
165.914,443.31482388035676,410.4723810632383
166.20125,444.80237555452635,413.29337428360554
166.50287,447.694693091619,416.72674951944
166.80449,452.37105801360997,416.01764000594795
167.10611,453.76748141166837,415.4224690215979
167.40773,454.050373643654,417.67978218354546
167.70935,454.0753258809067,418.8276978331819
168.01097,454.2380039457666,417.57542621539665
168.31259,454.93933467445237,418.23342873692525
168.61421,455.8163832666829,418.25868160354247
168.90147,456.63033727104096,418.90105139811754
169.20309,457.2296794878233,420.9231596610219
169.50471,457.35973926663604,421.709606078529
169.80633,456.6687426723546,422.96586103539374
170.10795,455.31403159861924,426.0635460071039
170.40957,454.3467941970416,425.9413777491091
170.71119,454.1850555989457,427.1982339647028
171.01281,454.3035787258961,428.2443865744592
171.30007,453.78480517879717,428.9011114211887
171.60169,452.0513762631449,430.7379568382257
171.90331,449.9526075122955,432.8027544708877
172.20493,447.76372510944014,436.86508391590684
172.50655,446.00598279393466,439.5276830398581
172.80817,445.3516254034505,441.51157379480156
173.10979,446.10083135843144,443.2582304024914
173.41141,447.46565109454775,442.97939666692645
173.71303,451.5058091239357,444.81958658564344
174.00029,456.6935070162545,445.9880953467475
174.30191,459.9002828686042,447.3588525128125
174.60353,461.9995025635003,450.29077796867676
174.90515,463.30547410151763,450.2308399891315
175.20677,465.781758176826,449.83130356372357
175.50839,466.54407908783276,450.2126519125798
175.81001,466.85680878424404,450.6799802596803
176.11163,465.9277513119567,449.39441393977773
176.41325,464.931991699423,448.4736237750139
176.7005,462.8810230175276,448.5710652677794
177.00212,460.6524199598889,448.83306375893284
177.30374,458.4967571018097,448.02527265654686
177.60536,456.6265042466437,446.59803474862815
177.90698,454.88003553230664,445.709224032512
178.2086,452.6773993360258,445.18259654326573
178.51022,450.0421199055726,445.0140562057982
178.81184,447.1581448333445,445.2560628442131
179.11346,443.9887973368739,443.56836717063396
179.40072,441.1471734263685,441.5434780861081
179.70234,439.6789371888674,439.5047600508157
180.00396,437.7348046673779,437.9192407824928
180.30558,435.99712936195215,436.96586991035224
180.6072,436.0125366168823,437.431206587913
180.90882,439.04799131014295,438.5859615555916
181.21044,447.8922441627598,440.2564837767242
181.51206,455.6097757359368,441.94598322649034
181.81368,453.8578956930389,443.2651824565453
182.10094,450.3819814021291,443.7289032512719
182.40256,447.35513222442694,444.485887991059
182.70418,441.823176131096,445.67942414675684
183.0058,437.48054738236,446.3813185555011
183.30742,435.14018535847197,446.79521003306337
183.60904,433.62982343127163,447.0887370288178
183.91066,432.0961627283233,445.6866768301752
184.21228,430.3619822392598,443.4682575922586
184.5139,428.9202013858339,440.9228287631175
184.80116,427.49239979785676,439.20954201488604
185.10278,426.59355557670074,438.1867633382188
185.4044,427.3412959635297,437.1623312000468
185.70602,427.69438515212386,435.78251757437647
186.00764,426.9447282530962,434.5416698724419
186.30926,426.7540916573387,433.0750119391044
186.61088,427.3456926679854,431.64484289488195
186.9125,427.52197421158854,430.02283473744393
187.21412,428.9316253016845,428.20192267672496
187.50137,433.29819166356805,426.8587106761814
187.80299,436.913034299543,426.43189213594593
188.10461,436.59977850174397,427.14859254089134
188.40623,437.38780322341466,428.71051240410173
188.70785,448.7103693995502,431.55611965368666
189.00947,459.5699287756997,433.65714312476973
189.31109,477.5409133475428,433.7622506663297
189.61271,502.63692659382264,433.3254737783956
189.91433,516.6423843760126,431.4296298485773
190.20159,519.4646176925083,428.2964706118572
190.50321,524.3895655202624,425.6663770379414
190.80483,519.2405736586218,423.83437926940684
191.10645,509.0801278695949,423.02512259886896
191.40807,503.31657442959454,422.7335496939837
191.70969,503.2515633295235,421.7242241813774
192.01131,499.4342468165641,420.54752327009095
192.31293,493.8703864319266,420.1076649311708
192.60019,491.6808276130011,420.3185188516903
192.90181,491.44178968956055,420.8667916551799
193.20343,491.2075618359519,421.83617104097954
193.50505,487.56990894694616,422.5734645573925
193.80667,481.8826402081853,422.85665741874254
194.10829,474.90292825280915,423.1564976311513
194.40991,467.0759300122871,424.4797553576268
194.71153,461.2484928323325,426.0795169420925
195.01315,456.0423438127681,428.24874570024434
195.30041,451.472552000489,430.407452430639
195.60203,447.5098811897984,433.10304562734314
195.90365,443.0096099180578,436.2533783165098
196.20527,438.2906307836503,440.77503185179984
196.50689,433.6888219440529,447.718593126096
196.80851,429.20395792724236,455.95835548406353
197.11013,429.3291700575527,464.5087807115615
197.41175,430.9054825515881,471.9116660761286
197.71337,428.96093666472234,476.1437759547437
198.00062,427.45455807660153,477.7732622676234
198.30224,429.99322274504163,477.5574103839192
198.60386,430.26765977615094,475.3091161029064
198.90548,427.0795229443996,472.7075447399466
199.2071,423.3935814637226,469.2737185600655
199.50872,420.1397946945007,464.16125316621043
199.81034,416.83805754164257,460.17877839613413
200.11196,413.34380485949885,458.3821421565977
200.41358,410.04345811745145,457.949949866472
200.70486,407.79941022621205,458.4639509224097
201.00191,406.78685294793746,458.214390971212
201.31311,406.04805628470206,454.7818048874594
201.61017,404.82287888839153,450.15703548014903
201.90722,403.85451412669704,446.02078879013584
202.20427,403.5274293781314,442.3684802196112
202.50132,403.0496917392854,438.5396270547895
202.81252,402.6262177007299,434.3699353479767
203.10958,399.92979777327344,432.1015364782136
203.40663,392.86418097699413,430.2815638842586
203.70368,395.7742732252623,426.71437100255537
204.00074,409.0084287941812,424.2392518660344
204.31021,430.11723235789395,423.00283844722605
204.60134,459.5006712858552,422.5397189112285
204.91162,489.18455168495416,421.4643300957753
205.20841,503.04597042288253,420.74917041632295
205.50251,508.35677603996015,420.66119874853894
205.81414,516.5427633203545,421.0052314775278
206.11093,521.4128462890891,421.68713403353337
206.40773,524.9039799415763,421.7931434631868
206.70452,530.6281885134989,421.4131479464708
207.00131,555.0009250874851,420.5967137498557
207.31294,606.2548120740959,418.5819333277109
207.60973,635.4858319142604,416.78281689591745
207.90653,650.46469,415.24814156886396
208.20332,634.8811159475878,415.63700565183245
208.50011,610.1080162174413,416.82836224463773
208.81174,616.1698315656868,417.7033440099874
209.10854,623.523789501183,419.0008603471284
209.40533,592.1741217934422,421.0333403231076
209.70212,563.678742008186,422.00805588012696
210.01375,555.0742786524208,422.47824020619015
210.31055,527.7787106608462,423.09562018484195
210.60734,498.530780418929,422.9514308258982
210.90413,480.66512886066926,423.35491301171504
211.20092,481.0947658011968,425.9666681943969
211.51256,468.51752297236015,432.1903724554205
211.80935,459.82260775655396,442.3336447920009
212.10614,453.6259601383345,455.5042924076712
212.40293,464.4871729759887,469.3087043023581
212.71457,457.1073609151463,479.9904038307409
213.01136,427.98464280353943,487.00303470152875
213.30815,414.8516865944421,492.08739124980394
213.60494,417.41594233753443,496.0036899810218
213.90174,441.5342713118206,499.6357436481139
214.21337,450.83029494192556,505.949523982473
214.51016,430.4125255511648,516.5314897191861
214.80695,407.31043656486827,529.8909325757564
215.10375,389.7248212596314,543.5995564391826
215.40054,381.33891545185094,547.4325056790955
215.71217,372.45787308075455,541.4665535194518
216.00896,363.2547063456066,535.4354775237256
216.30576,350.06350319713926,531.1265944211536
216.60255,335.21331447940156,518.0160726783814
216.91418,308.85944918275817,502.1126289821512
217.21097,286.8879520789693,488.46593476781015
217.50777,270.81275506893866,474.06124118957683
217.80456,261.5698676790074,461.14808262459263
218.10135,255.29022756685328,450.84634103425526
218.41298,253.33671916705862,442.27295523904434
218.70978,257.01927856738513,432.4671393641046
219.00657,247.93335728438848,424.2995280536148
219.30336,243.76458625500442,415.6699621459147
219.60015,236.12984049307403,410.7913863976333
219.91179,229.45684564681932,407.00165262886594
220.20858,230.14528689150256,403.5747785030386
220.50537,235.56640469601297,397.1548008456732
220.80216,233.58610270410816,389.8939628558279
221.1138,226.459439357502,386.5416448123942
221.41059,220.2002232527979,385.93794346982673
221.70738,216.59483165246905,387.904886244347
222.00417,207.5102068336068,384.0002744796737
222.30097,200.72101873797646,373.38832096385266
222.6126,197.7822539640701,364.131078521767
222.90939,198.97956677615934,355.2040398579036
223.20618,194.74995587913656,345.1707227113856
223.50298,189.7699365096749,334.9361717840119
223.81461,190.9314744273898,325.0944307000155
224.1114,187.53099931763182,314.87104063779844
224.40819,179.53764030253478,304.9491066708243
224.70499,174.13825236427647,296.0953464145554
225.00178,168.3069915545923,288.2006689883524
225.31341,170.8827745548793,282.17744693477334
225.6102,179.12639812124706,277.34516810862345
225.907,192.53993547409044,273.9690627667245
226.20379,190.72099629357587,270.5150944194225
226.50058,187.73659222427273,267.5331893317117
226.81221,187.20010033400416,263.9339794226902
227.10901,195.92793446522205,259.61370998293825
227.4058,204.97047117305567,255.33443887276866
227.70259,202.67185905216127,252.23870799192764
228.01422,198.60667362817946,250.3855158531964
228.31102,195.6921470967851,248.31617120139657
228.60781,189.0099266869076,245.85856372535721
228.9046,185.9565093891186,242.57238414211145
229.20139,177.45780180698068,238.41855063427556
229.51303,173.34997398657947,233.43445397905793
229.80982,172.06700998961327,229.29741813696296
230.10661,168.95015050124914,226.39923832726276
230.4034,168.1263414905364,224.3680736047532
230.7002,170.01048905914246,222.3519027717976
231.01183,167.34721351912106,220.46466435753786
231.30862,163.50158147789375,217.82769388690934
231.60541,165.24508147725646,214.68912332162847
231.90221,170.66018669447703,211.79891019008727
232.21384,189.785343764605,209.39575420769125
232.51063,204.8206825921983,208.2013161638999
232.80742,209.49107250557,209.25490935042745
233.10422,207.05447150637445,211.15838175036964
233.40101,207.9334178214683,212.17048808459754
233.71264,206.40116631866601,213.10221364249475
234.00943,206.19878638835803,214.28849711477426
234.30586,206.47412530756077,215.8103205364958
234.60511,205.53075036178956,217.8836109487046
234.90435,211.5543669914095,218.16515034854996
235.2036,227.68572532459405,217.25352937940306
235.50285,224.992950528182,215.33216953227367
235.8021,219.7169427600441,212.38724185639518
236.10134,214.53841406334232,209.7237408443504
236.40059,208.64277159631894,207.74905686369448
236.71409,204.89305911169936,205.53262929531763
237.01334,200.9837688025412,203.56080129362442
237.31259,196.49274188375858,202.80870178101026
237.61183,191.2023790634663,203.67597991889483
237.91108,186.54997054395812,204.01121923897227
238.21033,185.57117770118288,203.38797698771293
238.50958,185.81446201439684,202.88107830051138
238.80882,189.05269121400636,207.06290791791548
239.10807,199.66706855407858,211.96451939125097
239.40732,212.2548522000077,215.70833202459238
239.70657,221.94167521461503,219.21983331652376
240.0043,221.64651354669115,224.246619341499
240.30108,239.591305785153,227.9401517136294
240.60932,264.2666070251637,229.57557545645778
240.90355,276.2170376290376,231.53718205975838
241.21179,308.58390358086734,231.15666044165448
241.50603,332.3781541002327,231.64548378831608
241.80026,349.5303370192153,233.13773279630584
242.1085,355.63378953444277,234.46305734966222
242.40273,347.15998721621935,236.04293981740096
242.71097,341.0693114489828,237.04753041751655
243.0052,341.27028217914466,237.29585027258577
243.31344,342.9970972487781,236.43890626910553
243.60767,335.8080345197049,233.2923690256656
243.90191,325.6039974728269,230.15718054073523
244.21015,328.8170865418309,228.7464020905224
244.50438,323.6593764286201,227.47056864629525
244.81262,317.7404351858487,225.6402619179359
245.10685,312.0902753842671,225.0350950072165
245.40108,307.0227540804034,228.41834029652216
245.70932,310.3386020240573,233.70054854530264
246.00355,325.36601175216214,237.88162658929548
246.3118,331.09640201539213,240.0287590891573
246.60603,330.45243512731815,245.24595623786666
246.90026,332.9648698837065,250.65999046297628
247.2085,334.00882414123504,256.0750017335204
247.50273,329.18353494780956,265.38568104514434
247.81097,324.8927647644482,273.55366814233975
248.1052,324.05833038463425,290.54959894912844
248.41345,323.4508335963401,305.24838320317457
248.70768,322.9712358133013,318.911574453892
249.00191,322.1826849902427,332.67983566749893
249.31015,323.43076658626035,339.63305466012935
249.60438,325.8677433721615,347.50928095908677
249.91262,337.561267394743,354.13372416297625
250.20685,364.8422924408104,354.9824008589329
250.50108,381.5702121691558,353.2431096706731
250.80933,395.95213307302896,352.5734953399411
251.10356,388.87449110217,350.8131600961669
251.4118,377.6096457640167,347.3212372915979
251.70603,482.69899924745926,344.19472947956723
252.00026,579.8256203323123,342.1586419512141
252.3085,629.166339621976,342.9126579760269
252.60273,642.4764416840993,340.0991429111013
252.91097,617.9228389687015,341.10271888711173
253.20521,598.1931726145889,341.97567140425105
253.51345,589.5858908585317,341.97728728708523
253.80768,563.5082100011787,343.2489870775506
254.10191,557.9330760153728,344.0086399029476
254.41015,553.3650879792806,347.30970063973564
254.70438,526.2571502898186,347.241908718043
255.01262,498.19783339775574,341.424955987175
255.30685,478.1505145413884,344.9081229615032
255.60109,461.4939942871095,343.93506086598853
255.90933,442.27479659390184,342.099117337045
256.20356,426.0733540401205,344.856226817458
256.5118,410.6776357618442,344.4062222374863
256.80603,394.09732505146366,353.35081014050184
257.10026,383.9194427592963,360.01162949749465
257.4085,378.10899113843544,364.00939878648944
257.70273,371.55613530196524,377.0341284243702
258.01098,360.96533857767025,387.5741187860663
258.30521,354.1870107178322,396.834104471103
258.61345,346.16490401975574,401.17981467082495
258.90768,333.4547454331438,419.83630935104753
259.20191,327.08656997314716,448.6012785189107
259.51015,323.2924394999241,472.81652288457445
259.80438,317.0110331902536,490.29962357652
260.11263,318.8984782872014,496.4288550597525
260.40686,306.11708933054047,494.8003457923074
260.70109,309.5342493700277,492.0781844755164
261.00933,387.8909445575688,488.2057400528436
261.30356,448.48275539196027,482.412311569747
261.6118,452.6329437687518,478.12075223430384
261.90603,423.3989552136129,469.18123745181407
262.20026,394.9395382160838,453.93605932780645
262.50851,364.6765329249645,438.8024146980248
262.80274,343.52658071698704,428.53265255633505
263.11098,326.33621786871413,419.74589506967703
263.40521,309.56091143679095,407.49923180576826
263.71345,308.46320089102437,396.649330147953
264.00768,303.49122335706284,389.9452577411441
264.30191,310.27642811361363,381.83130877221583
264.61015,318.13234314113265,373.81916042183815
264.90438,310.95049551680717,369.3810442712059
265.21263,300.058825166663,364.4125427642712
265.50686,302.2193544625799,358.83237323661007
265.80109,291.85489407107565,353.7149850369115
266.10933,268.8633803229058,349.0094214878944
266.40356,247.94649102974967,345.7411669305064
266.7118,233.9566283958427,342.29411305858764
267.00603,226.01356843129201,339.68164388116514
267.30026,235.31417665920543,337.1502694748139
267.60851,235.41798773663106,336.40978177140323
267.90274,226.75839647115248,341.9396710378533
268.21098,227.92899084847272,353.0107607505925
268.50521,228.0155345267754,370.2242720599312
268.81345,215.68493930216795,393.09833367326166
269.10738,208.34001903694173,393.64641858339843
269.40879,204.61067419176635,381.0502361045989
269.71019,204.95609733156596,364.9671287844151
270.0116,207.54154744485493,350.67768898879336
270.313,201.17508181436887,338.4345205412468
270.6007,187.294685847807,326.27462642766415
270.90211,178.9885031896223,316.0299668379094
271.20351,176.70996747347527,310.21895153699006
271.50492,169.58243042277854,308.2960133856971
271.80632,162.24145591796122,306.8971473740522
272.10773,155.33750256243667,306.0547838947498
272.40913,141.76059193932798,302.55669818820877
272.71053,132.04253165481657,295.8889267771621
273.01194,123.85558611832292,288.79129295356455
273.31334,121.18733140445212,281.0944296491963
273.60105,117.51978468301488,271.034506803921
273.90245,119.4924675994634,260.49425339153095
274.20386,119.270744048484,251.95277188762657
274.50526,114.22217178925085,246.53584410488378
274.80666,114.07993652117628,243.3762670627591
275.10807,117.55113468893066,241.07224361330384
275.40947,116.62119411788511,238.05170765225603
275.71088,117.65662741186391,234.26005737129003
276.01228,115.41386659009123,230.7151862199002
276.31369,114.0097301699001,227.93323723824614
276.60139,111.22101702754502,225.041220330518
276.90279,108.97918627786873,221.49176458131967
277.2042,109.66857638398368,219.6474034301704
277.5056,109.00744543813084,217.17562879532943
277.80701,107.0665540769772,212.65296063593422
278.10841,111.49348117844983,205.08228650731087
278.40982,113.14943227007231,198.09674985799774
278.71122,114.18417035864572,192.4200783043351
279.01262,117.2366106110001,187.110982516768
279.30033,115.14318742603808,181.56656909414596
279.60173,109.50411333227208,175.26630768652126
279.90314,104.58292337157413,168.62735911579512
280.20454,104.02695633528714,162.53918233015088
280.50595,102.12262902058964,157.70558825053132
280.80735,104.00734966392177,154.10191587438067
281.10875,102.2437544704764,151.64123634202292
281.41016,103.52048980279703,150.1531397771302
281.71156,104.38550382578028,149.02959389535278
282.01297,104.2044122123453,148.83446664846315
282.30067,102.38704194132669,148.6171398019394
282.60208,105.9826442979743,147.81704293235086
282.90348,112.05096075622691,147.25312800724015
283.20488,117.93622211550772,146.57194884064285
283.50629,121.47043031912578,145.4703395078056
283.80769,118.44027421841426,144.2538521790624
284.1091,114.19401597033279,143.24082516740577
284.4105,113.16414431959706,142.69941047129365
284.71191,113.23194563595732,142.16806685889196
285.01331,121.44735701540114,141.81867916934812
285.30101,121.33924318019623,141.86178190448197
285.60242,121.88911307718466,141.8943626118586
285.90382,126.5045253955252,142.14985059833737
286.20523,128.3555285766962,142.27788112893973
286.50663,129.1628311563649,141.65780488067514
286.80804,129.79296909367227,140.35702859386294
287.10944,134.0813154527824,138.54714587295365
287.41084,137.07697433391866,137.1418820926457
287.71225,135.34827093608948,135.9042003937059
288.01365,132.74781753857894,135.45540772585977
288.30136,126.76957715366179,135.90296029757738
288.60276,122.22306532779541,136.704231500621
288.90417,118.29113386962405,136.96884170937847
289.20557,113.4730034129405,136.90160407307664
289.50697,108.32765668234431,136.2293592354053
289.80838,104.70282751466765,136.68896516570544
290.10978,100.35776554701283,138.44480975834756
290.41119,93.41101008571896,140.10509179175222
290.70711,88.516515073121,141.4320134386075
291.00852,82.43719276172774,142.6130922650143
291.30992,81.02167470169036,143.0951702403101
291.61132,81.80617172566217,143.12402126463357
291.91273,77.05301479037914,143.22476028574079
292.21413,76.99937593548668,143.25771677982306
292.50047,80.0654760345901,143.36688281780368
292.80187,81.74474938862971,144.43097924275312
293.10328,80.45250815736871,146.0433860498627
293.40468,81.72528833461277,146.75295590206906
293.70608,89.99911106011032,147.18895303258904
294.00749,94.3617974242584,147.8193164419198
294.30889,94.80316830466866,148.0153643662382
294.6103,94.80537605156414,147.8987765408217
294.9117,93.0671088820771,147.13239713339428
295.21311,90.1309323391056,145.2656015159199
295.51451,88.28907486688247,142.4824500168079
295.80084,92.02592605150242,139.35009872150488
296.10225,96.82383918342398,136.39220640428277
296.40365,98.716084955536,133.24909821453156
296.70506,99.07689656093046,130.03584004151003
297.00646,106.20010266984498,126.76874102824179
297.30786,114.03968037033746,123.39006154740937
297.60927,117.39050466161632,119.87343076694636
297.91067,118.81709433746784,116.79481697054602
298.21208,118.47025260285454,114.08542300707823
298.51348,119.1326236448359,113.03251563128842
298.81489,118.32556532652585,112.23886350370113
299.10122,114.00757879101047,111.12898686334036
299.40262,108.8507517765578,110.54873461120312
299.70403,102.98804701428142,110.84858421827948
300.00543,99.36728573769301,111.35066344098155
300.30684,96.77263354745037,111.82393861269837
300.60824,93.07477023353779,113.30912283062261
300.90965,90.97044453677917,114.58880808858231
301.21105,89.09594529183971,116.05394408576208
301.51245,90.8256257351035,117.43513872757552
301.81386,93.64731416087614,118.82535225032368
302.10019,100.40627021603984,119.51965576761451
302.4016,102.3862527892449,119.32487612342759
302.703,102.11186273147383,119.22246485148037
303.00441,98.55707081105581,119.90420769813608
303.30581,103.79327337240161,120.97849733747526
303.60721,109.55317228668987,122.05837680406046
303.90862,115.59590706495787,123.41281543243424
304.20401,117.84525354874641,124.67233033897016
304.51333,118.98244988260525,126.19242514184585
304.80919,121.78134684468245,129.10842663605973
305.10506,122.68383619688296,130.62183243557553
305.40093,113.39383454873546,130.75249347311723
305.70352,108.33739895268734,131.52006600333496
306.01418,106.77449264937466,131.25978673635967
306.31004,111.87224599370494,129.49140026241773
306.60591,117.96744999074417,127.12445132910754
306.90178,121.43926820656282,124.96457965992549
307.21244,126.05230367399035,122.50420075693224
307.5083,127.50326311770087,120.35486051017499
307.80417,119.67711979193406,119.1366069839154
308.10004,115.339874187756,117.46377367454325
308.4107,111.06767726231958,116.47895884981054
308.70656,105.71888900397208,116.95949609961333
309.00243,103.92462961534868,118.40556092148324
309.31309,103.72463593062137,120.38068645151824
309.60896,105.05587912459119,121.71056741868021
309.90482,105.94810949972846,123.60281319079225
310.20069,105.74647174816408,124.31244880567209
310.51135,102.75748308105248,125.19340557964097
310.80722,99.95709236682046,127.02988460464
311.10308,101.71579293842522,129.50305904495937
311.41375,99.85319673738607,131.53220391392625
311.70961,97.97045836892606,132.69408943434388
312.00548,97.15191506942571,134.4334275959419
312.30135,98.98695201294196,133.78292201919032
312.61201,99.60597605843084,133.58886576441168
312.90787,98.70757338665386,132.30654060484505
313.20374,97.84840754427674,130.7275882092027
313.5144,101.25013684216471,130.42585966859826
313.81027,105.43144035818095,131.6274000811257
314.10613,106.27987279277902,133.55458462219212
314.402,105.3321199318874,134.0363243894529
314.71266,102.17374540722068,134.85223248468014
315.00853,96.20784022091529,134.34204566380447
315.30439,93.3948982307158,132.01182988096795
315.60026,90.77333501501744,130.2484695542136
315.91092,90.00606311416418,127.85765816509698
316.20679,88.34148771764787,125.65898651856037
316.50265,88.30698580073876,125.05774657891463
316.81331,92.67517744012406,123.53446698370885
317.10918,97.930888028825,124.05253593073476
317.40505,105.3688342930258,122.85798515093173
317.70091,110.08404616570955,122.19501285022139
318.01157,115.90792276662846,122.02487541925504
318.30744,116.10854589408767,120.74991567911843
318.60331,112.5497612399225,120.86577072045897
318.91397,108.33881754750102,120.22390823793646
319.20983,104.29401855229875,119.56307792144811
319.5057,99.66280440298718,119.40961602554334
319.80157,96.15890809451064,119.23510067945661
320.11223,96.84888067001927,119.5982985304317
320.40809,97.8800346928879,119.87161759609178
320.70396,99.28709285471517,120.34571949856095
321.01462,100.30791744051325,121.19407677581788
321.31049,98.68065766386432,121.19728975215088
321.60635,98.94177305625962,121.4224235674837
321.90222,101.89153898597284,120.14762353669698
322.21288,104.65664332854779,118.64392242885366
322.50875,103.57853005947898,117.4108159330547
322.80461,101.02244767723371,116.39995908962301
323.10048,101.86014200671887,115.42106290550372
323.41114,101.04056999111191,114.79426946987628
323.70701,100.1367090174359,115.28160845905069
324.00287,102.67137155746123,116.25598580803498
324.31353,104.51825047953811,118.58699074295326
324.6094,105.25024540340193,121.11134733257715
324.90527,106.6643589606271,123.88750919896475
325.20113,108.00332457139726,126.24207596032498
325.51179,107.48108439193904,127.56698714830522
325.80766,105.82704981251518,127.41296157234204
326.10353,106.70816629583395,126.67326302101314
326.41419,103.99111567823928,124.58396409514522
326.71005,100.13919860436059,122.27593851727518
327.00592,95.99739496843812,121.26673513534818
327.30179,93.34335438670713,119.53644403868778
327.61245,92.73522345834722,119.01613916076347
327.90831,94.78544526416519,118.7602472035762
328.20418,97.6485453848964,118.7961912019681
328.50005,98.58059505882719,119.80971613100965
328.81071,103.79561264464405,119.6148143561434
329.10657,111.36963127494737,120.38831492164219
329.40244,111.08637265092383,121.54962736733376
329.7131,104.3043245027002,121.58642628048092
330.00897,100.29804364482327,121.86818175768201
330.30484,95.15881754019476,121.95193521969554
330.6007,94.53360710606472,121.50928666448618
330.91136,94.47787324028847,122.03429827089829
331.20723,93.50147134042768,122.29338441508327
331.5031,91.95012047831261,122.97617006984706
331.81376,91.6794037355889,123.39393215047718
332.10962,93.69642478596596,123.61450015733682
332.40549,91.34163724991618,124.02963173102765
332.70136,89.8648988382006,123.72159936843656
333.01202,88.22123127451783,123.16150807305546
333.30788,91.70830643058437,122.71601293355108
333.60375,92.6747922587508,121.77850026038743
333.91441,92.39092298133063,120.15185113713513
334.21028,90.9079277209666,119.04693488128846
334.50614,92.98495721089624,117.40378872165975
334.80201,96.21291803877489,116.21840713747368
335.11267,93.62609630401046,116.61065330079266
335.40854,89.72129664598435,117.25409408747875
335.7044,91.10381123860127,118.33000900431972
336.00027,92.66412931097904,119.64059332414845
336.31093,93.58285734619585,120.97001395259605
336.6068,94.50943462622615,121.58951712613458
336.90266,94.99918804498411,121.25529243016226
337.21332,93.36657800511402,119.96268010952947
337.50919,94.71980002402839,118.44695382710653
337.80506,98.53464573939834,116.53250845536041
338.10092,99.44372075361473,115.43504217095253
338.41158,98.77437417091042,114.75266988156491
338.70745,98.39617773304754,113.59774580986878
339.00332,95.76007157184195,112.96838762997554
339.31398,91.93041986027085,112.79514995868789
339.60984,89.37681767028262,112.50306034708244
339.90571,85.1537971326095,112.6135416385327
340.20158,79.55893434475888,111.83060882672301
340.51224,76.9468503487096,112.09368770465512
340.8081,78.0370498576977,112.5176596605955
341.10397,78.42682522342727,112.8674419261802
341.41463,76.533541340541,112.38507271618755
341.7105,77.19666395593359,113.21718661309436
342.00636,75.39021028871304,113.09702881397456
342.30223,76.0116111851149,112.9699377501362
342.61289,77.13821033387546,113.09569477116963
342.90876,77.88526960730056,112.53180803006184
343.20462,75.55253605353644,112.3498145285334
343.50049,75.49994000675207,112.45637824357765
343.81115,76.56189914481334,112.48731488411724
344.10702,76.4215146262639,112.7292745491939
344.40288,76.61814032264215,112.89726060127062
344.71354,76.90657540853552,112.64162230010963
345.00941,78.85710569868814,113.35274227247666
345.30528,82.48663220018497,113.31055082010394
345.60114,87.2969322013903,113.12083490177515
345.9118,89.12663297368685,112.38615310296619
346.20767,88.97030100681796,111.13776148291643
346.50354,90.76622794894753,110.20236260997184
346.8142,92.90070583149777,108.20820348329754
347.11007,92.44913703936393,105.85225570579418
347.40593,90.43329971710956,103.63308489446636
347.7018,88.5652499115052,102.1214077137964
348.01246,87.94510790056712,100.60187659097913
348.30833,87.93322834333593,99.9125146688671
348.60419,90.09822950104962,100.01728400239205
348.90006,89.9826093264001,100.19416680472416
349.21072,89.97075795317181,99.8562312150339
349.50659,90.48370680633374,99.7798431724504
349.80245,91.33637153870377,99.80694678859274
350.11311,88.89761916061856,100.38249231224218
350.40898,84.18787498450149,99.58330672541472
350.70485,82.9924270139388,99.80898543147069
351.00071,84.06757156803326,100.2917867961748
351.31137,85.69083391360122,100.95070060046451
351.60724,85.95589036907162,100.8059381667947
351.90311,85.83560574193869,101.69381881081449
352.21377,86.88335544519396,102.70939177740163
352.50963,88.6822135236273,104.24027165872843
352.8055,91.07520917297029,105.44929962136521
353.10137,97.07754218305105,106.89993025170833
353.41203,96.96796747702808,108.4531694420191
353.70789,95.00785462588232,108.84379972250396
354.00376,95.40369894690755,109.81601629793099
354.31442,97.42940067018426,110.08699609134861
354.61029,96.85171785964666,110.01737220946615
354.90615,95.18705321378776,109.83606451867544
355.20202,92.10423530361838,108.82600622199318
355.51268,92.63699281349994,109.0768814266605
355.80855,95.19997088179322,108.45873108526217
356.10441,97.15191976675953,109.14200526274327
356.40028,97.43873427248494,109.04116290029198
356.71094,99.73318925294852,109.35697404768926
357.00681,97.28127024816538,109.0937918284131
357.30267,96.5570635037754,108.8590190840813
357.61333,98.6313591454217,108.15051082931828
357.9092,98.9271173747407,107.27334010640845
358.20507,96.24076853099464,106.99053242643166
358.50093,91.20066556463924,107.38364289917355
358.81159,89.71669795617441,107.8236797367789
359.10746,90.24699406313421,108.24069963866543
359.40333,93.04776056407184,108.92410534149349
359.71399,98.1901667636966,109.86584561509528
360.00985,99.90899166850198,111.03693790980043
360.30572,99.16358115924777,112.19561984855268
360.60159,98.04044394551269,113.29414773040392
360.91225,97.71830079212583,114.06041440181967
361.20811,96.95441097162309,114.11215083651496
361.50398,95.51014053127248,115.00640106519491
361.81464,96.23324340221474,114.91595859982147
362.11051,94.71550666091676,115.08914929777092
362.40637,94.67790920102017,114.87746864649904
362.70224,97.41888333976092,114.25132344293878
363.0129,99.65620934630367,114.2308712514858
363.30877,99.76213422394838,114.62745775125461
363.60463,99.25662594755758,114.98870151136052
363.9005,101.62939018013712,115.52425393486509
364.21116,102.3266624124023,115.52271320937207
364.50703,100.70772631128271,115.77831393186248
364.8029,98.79931231616168,116.2809380452877
365.11356,99.438985841124,115.22266631427526
365.40942,95.71306535230357,114.83097443634705
365.70529,96.43629974859279,114.32763632818117
366.00116,98.02230284229921,113.29183664216441
366.31182,100.06757365827073,112.7598166136926
366.60768,100.82681311829151,113.8060349861225
366.90355,99.48664499006338,114.83496717009419
367.21421,102.53521463934995,115.7054019163059
367.51008,98.77614506576063,116.01021190789635
367.80594,91.5628300021739,116.34254827567297
368.10181,88.53595733780266,116.45547218070972
368.41247,85.06113282833911,115.65072495063919
368.70834,81.41076895401602,115.42680304743196
369.0042,77.92680813027226,114.9738109631506
369.30007,73.49809134461415,114.75794029011114
369.61073,70.33125222440349,115.14112059915722
369.9066,68.24496898684811,115.11527586847866
370.20246,68.15924264463013,115.92926745150729
370.51312,70.60100601369405,116.31558557954523
370.80899,70.10406567419125,116.79787963219677
371.10486,72.17287952726943,116.63519217266919
371.40156,75.9700961488123,116.63671410882694
371.7041,77.27388812393707,116.28321155485665
372.00664,78.96170592819556,115.56371153895446
372.30918,80.16612580635476,115.81381638087528
372.61172,82.15344091765309,114.78617126637032
372.91426,86.44711875064912,114.28354715294512
373.20239,90.53039830450618,114.1911787807054
373.50493,98.72277395889591,113.98916524243542
373.80747,103.45335550783925,113.60595674938642
374.11001,102.00521446442082,113.37834274179654
374.41255,99.93039272138665,113.28357872930856
374.70068,98.2289761357188,111.87487650064423
375.00322,95.8145230654853,110.4634216343613
375.30576,92.70261456696764,108.18256543530708
375.6083,89.30819432050384,105.40667601428105
375.91084,90.19330353756973,103.13466019747638
376.21338,93.28330367115015,101.04772872785384
376.50152,95.37097731951629,98.91029152499688
376.80406,95.03446502197355,97.25694745364459
377.1066,93.73568040470107,96.18372410908256
377.40914,94.18961195574646,95.96825740675163
377.71168,102.60552433197017,95.95234283976892
378.01422,107.97557272318772,96.28959261872143
378.30235,108.15828021945684,97.23877816642819
378.60489,104.00424002893283,99.0287770732767
378.90743,101.5559802471956,100.54197619010439
379.20997,100.40280358368057,101.99975616252179
379.51251,99.0681031520191,103.91939678547301
379.80064,91.40704292602814,105.50798811011435
380.10318,84.74723349580664,107.05182323811715
380.40572,80.48484930072054,109.37904212197638
380.70826,79.19169208936461,112.3007555741156
381.0108,82.06220460286404,114.780694175136
381.31334,83.30986343883785,115.78775557284102
381.60147,84.56107815651353,117.25058987644891
381.90401,88.39147204682823,115.94153688744555
382.20655,92.65513861404723,114.41290233168479
382.50909,98.63739991671443,113.94097999210818
382.81163,98.3898551217256,113.45051257860955
383.11417,92.880117417364,112.5143245535832
383.40231,89.88960211676084,113.4662486469071
383.70485,92.13411504404844,113.62697262089785
384.00739,93.01740169559211,113.31533270593287
384.30993,93.63435891420012,114.17985820619882
384.61247,94.45524618327674,114.79707847550074
384.9006,93.45279756738314,115.66502363478777
385.20314,92.6935909886991,117.4601285434988
385.50568,96.10390701281034,118.82862159466252
385.80822,98.4756519239509,118.48851583674734
386.11076,102.15408236784947,116.9282024617034
386.4133,106.76934437150776,115.91252615377222
386.70143,109.27536256989772,114.2679613993298
387.00397,109.69831050706532,112.01537375520535
387.30651,109.42319705988594,109.54195505352732
387.60905,105.14948759295942,107.52130296410729
387.91159,101.14672034077998,106.5697828414919
388.21413,97.59178280301353,106.03280242850602
388.50226,97.64685434472113,106.56152492863606
388.8048,95.03363359388737,107.84317367213258
389.10734,93.53168928889279,108.89920947224661
389.40988,97.35589679056633,110.66178064691918
389.71242,99.76824075791458,111.78374822453304
390.00056,97.76714366918789,112.69227834802629
390.3031,91.98136244555052,113.14604079505415
390.60564,93.41609260091238,113.24802930695756
390.90818,99.6745007641994,113.5765514396722
391.21072,105.60553294422388,113.29380012770123
391.51326,110.53104445203638,114.57882155688064
391.80139,108.46927190235462,114.93554648185155
392.10393,105.09221769902398,115.06868771165028
392.40647,102.92676559726355,115.25457060558182
392.70901,105.13281205789784,116.52850632694563
393.01155,103.81815984698083,117.75910444648461
393.31409,99.77516462796551,119.23424576470133
393.60222,95.22328374954269,121.26174656683116
393.90476,92.33363429805992,122.3534914986461
394.2073,94.94274488180102,123.00991571601112
394.50984,99.44512995376077,123.00790525713609
394.81238,99.9238822167119,122.76633077343268
395.10051,96.77174105402455,121.48859021167453
395.40305,94.01624275911183,119.75779180296155
395.70559,88.55502851311253,118.79568388991552
396.00813,85.40758938157914,117.79696495707513
396.31067,85.51351425922385,116.47364146792611
396.61321,83.65769631088719,116.23883114492375
396.90135,86.75406133179393,115.73627279417201
397.20389,89.86961965868986,115.96244002294529
397.50643,91.22293562428062,116.51790914184734
397.80897,90.90918190909659,117.2832927145049
398.11151,94.48944277348754,117.73672634816535
398.41405,95.6514551219183,118.46108340723758
398.70218,93.1821888633373,119.38736945257105
399.00472,92.48675798592963,119.01762351825064
399.30726,94.99182732288791,118.69077363637598
399.6098,102.69543130128811,118.2142479096556
399.91234,101.91158720671731,117.96525163851634
400.20047,97.18236788458184,117.59545873085773
400.50301,96.7305689230908,117.10489737068269
400.80555,97.658376904582,115.53707765619413
401.10809,98.24056915558697,113.78880516567014
401.41063,100.75874875123733,113.45417649898928
401.71317,104.350170480785,112.70374923721513
402.00131,103.75939620089058,112.9223443638703
402.30385,104.51784650882958,112.80729726394684
402.60638,109.0387202867055,111.22044395281895
402.90892,112.87888463136613,109.89508182079199
403.21146,114.45642782686244,108.89402361570916
403.514,117.47709531325722,108.3867303524667
403.80214,113.5595470912432,108.63769950381044
404.10468,113.74996760964503,110.26791860076607
404.40722,116.53434041555028,111.2251600759744
404.70976,116.28102259729646,112.0876469333624
405.0123,118.1368358482993,113.20777315611875
405.30043,117.72145061858217,113.65132359942157
405.60297,116.15107555449543,113.95264816931747
405.90551,114.41589923066206,115.70613470038184
406.20805,110.56113557248835,115.58918987759503
406.51059,108.27192751390189,116.35207446866026
406.81313,107.18987787909178,117.64013977015513
407.10126,103.9504461620243,118.65180455500389
407.4038,99.06438286363354,119.66169374766864
407.70634,98.01558565493637,120.89664159832509
408.00888,97.02615335105845,120.26367586605797
408.31142,95.78108744335337,120.36930011433817
408.61396,95.37735160151026,121.3009129362237
408.9021,95.44751567678205,122.38627888871083
409.20464,96.14143401269962,122.89533834946967
409.50718,96.84742919386885,124.02202205023897
409.80972,99.55130848743177,126.49756394680372
410.11225,102.83212371545488,128.15702864412367
410.40039,107.51077154168247,129.12684018463477
410.70293,108.75522679599094,129.96505122084017
411.00547,105.57735833597053,130.20995141688826
411.30801,103.50247083026288,130.7266581371063
411.61055,100.09695078398204,130.79445005879893
411.91309,97.1236089358254,130.254989453556
412.20122,95.13194879074342,130.43828881388643
412.50376,92.06583459963853,130.48669953623704
412.8063,89.72573562644442,129.89122792252246
413.10884,87.85977613439003,127.97633160672962
413.41138,84.41297122116376,127.30478197446365
413.71392,82.21831579504338,126.74162801743181
414.00205,82.64207637096186,123.61921628049225
414.30459,83.39795253996739,121.49992018084878
414.60713,84.02393333684394,119.96115817337174
414.90967,85.81846986816272,118.9872599524371
415.21221,85.18806888016141,117.93602482748727
415.50035,81.15427104076596,118.506234179917
415.80289,82.24659374464076,117.31502790179393
416.10543,86.82733973938849,116.98443894219841
416.40797,89.97622095240467,116.84002411123129
416.71051,92.74660509819347,116.84738013599366
417.01305,92.45206817566772,117.76072032931874
417.30118,89.71430231592613,118.4120244528198
417.60372,89.15857484366397,119.83869868068007
417.90626,93.79696651905275,120.96556088013453
418.20085,98.61613508651055,119.57193709303294
418.50905,100.7128276158114,119.66935979646314
418.80324,101.50054231345003,117.57323094722071
419.11144,107.15404661671157,115.55115086831934
419.40563,109.09494737253286,113.98400756990088
419.71383,108.6061240258713,112.35345026491021
420.00802,109.21187340598439,111.06101644296258
420.30222,111.02489394588552,109.58456926594386
420.61042,107.53037821304784,108.17839420287478
420.90461,104.80713650947821,107.48546230705944
421.21281,104.20127439335343,106.74888278538712
421.507,101.8761317310427,106.83379179152041
421.80119,100.69493077395659,106.6852339121239
422.10939,100.33194900033722,106.8901410080271
422.40359,99.11301905800752,107.62476643883022
422.71179,97.30729817486292,108.12381118388447
423.00598,100.77675832910384,108.47466444158017
423.30017,105.3972531626378,109.47886046565488
423.60837,105.29620411749842,111.13418211454547
423.90256,105.17802859325073,112.72049992961783
424.21076,101.25225064238379,113.39290447663906
424.50495,95.59476769737655,113.84258024324338
424.81316,95.35638270333705,114.59450125717234
425.10735,95.80619469262214,115.38013033859481
425.40154,94.89643856500184,116.52615766003555
425.70974,94.33082790238205,117.94656564457972
426.00393,90.44264271407788,119.57598619478593
426.31213,88.94847249655567,121.04774543265212
426.60632,87.11596741596848,121.92201320326109
426.90052,85.32142148998206,122.42889310112737
427.20872,83.12461938230587,123.04311647145204
427.50291,81.44497963622828,122.65814178088667
427.81111,82.76537198907351,122.19176229521784
428.1053,84.06269103819412,122.11427507652041
428.4135,86.61503904005235,121.49675417785399
428.70769,85.81470730377278,120.46065386247272
429.00188,84.37441550516785,119.56778464993592
429.31009,83.27577488730492,118.35729111914723
429.60428,82.41277132319672,117.7657652658416
429.91248,84.41049572624053,117.33582769594962
430.20667,91.76858731549855,117.85905431551006
430.50086,96.2743967438132,118.56320344448795
430.80906,96.13021208220326,119.24304856828032
431.10325,96.17672508169052,119.10419538055626
431.41145,94.60312294926933,117.8661003162403
431.70565,92.82789245995141,116.59784836879889
432.01385,90.0024132857859,115.48923061390194
432.30804,86.33881702209142,114.5205276441724
432.60223,81.24925113060968,113.48422064610305
432.91043,80.05773952578829,111.9528146633884
433.20462,78.05969570404471,110.64234307957135
433.51282,78.63012113383016,109.28775413651532
433.80702,79.06439904017199,108.18693395575984
434.10121,78.14466577551767,106.63079181314819
434.40941,78.36994051086509,105.86062635466172
434.7036,78.82995980654141,105.46818290332227
435.0118,77.693327152741,105.1105091169197
435.30599,72.97751402132826,104.7051479975748
435.60018,69.18830165661495,105.40999233195808
435.90838,69.70261743391855,106.30534173675194
436.20258,72.34979051360445,105.7290728236942
436.51078,71.15883319417384,106.11784295998626
436.80497,68.19184214134205,105.92784520162827
437.11317,66.98809398191915,106.06374846371325
437.40736,67.262202199661,107.62183530252645
437.70155,67.63945447342603,108.83404805749329
438.00975,70.72906942563318,110.41236161573612
438.30395,76.22086801213558,110.22056947585881
438.61215,82.94378142489717,109.97917349084057
438.90634,84.48217704033624,108.16315605196216
439.20053,84.9856513711829,106.86703952029954
439.50873,86.53220155813376,104.811138637893
439.80292,91.0364232876172,102.89751060223158
440.11112,91.31496578848528,101.77106176815327
440.40531,88.3553824310879,100.79856335269704
440.71352,89.05489998891912,100.06692542620355
441.00771,87.58268510967235,99.03082511082229
441.3019,85.92947726100086,98.82675414033908
441.6101,83.30651423982408,98.76232550966171
441.90429,81.00496158795822,98.08555713952154
442.21249,78.34472052558462,97.3486910804862
442.50668,77.69341170474976,96.85597834142155
442.80088,79.68013964932058,95.91016078206384
443.10908,80.72320141342331,95.37821121359934
443.40327,82.25124880245656,95.10663016145273
443.71147,83.81313108699644,95.47127479124444
444.00566,85.61258102949111,95.35136125348329
444.31386,89.58143353148897,94.92858711766705
444.60805,90.46582405648039,95.27223466528262
444.90224,89.8006721928775,95.8936355616845
445.21045,88.7763293040481,96.69742453565573
445.50464,87.58962776905857,98.39893506799999
445.81284,83.14933675286755,100.36657774525946
446.10703,79.9354162557774,102.51723324548637
446.40122,77.40689782838885,103.89873791133193
446.70942,73.48771023687158,104.63983626813923
447.00361,69.46267762238456,106.11288257547217
447.31181,66.28551376243718,106.4562388883909
447.60601,66.17533779768523,106.1965890641475
447.9002,66.51442423416142,106.19796068562299
448.2084,66.38168697507122,106.02645163318115
448.50259,71.31285407280319,104.64060663088574
448.81079,76.66951036529947,103.80313777342396
449.10498,78.28067237894669,102.57241752320566
449.41318,76.19701495099679,101.75683824134582
449.70737,75.06928844211942,101.1466357887712
450.00157,74.56358287770817,101.01210414816171
450.30977,73.9740956672805,101.43244976239292
450.60396,73.78555877974055,102.1080109177413
450.91216,72.81478898313014,102.62250049639624
451.20635,71.83554989364197,103.4620361807389
451.50054,69.94714654059484,104.05245346326299
451.80874,67.92863173806298,104.7247170902696
452.10294,68.02014519554741,104.42072443476386
452.41114,68.76043091360384,104.26521450131351
452.70533,67.64142735363049,102.94265198024335
453.01353,66.74079814562278,101.57931660161418
453.30772,66.06218842062512,99.38280572863484
453.60191,64.99869325440466,97.58156610195466
453.91011,64.43017963948401,95.33494876911563
454.2043,64.95992615838685,93.59132194173978
454.51251,63.941318714151876,92.1375769790739
454.8067,62.001756698469336,91.16863444531953
455.10089,59.777865066652254,90.90509992600686
455.40909,58.72069016308683,90.94487694879601
455.70328,60.94695159981618,91.58781512076335
456.01148,58.80158999480461,93.08909240435547
456.30567,56.23658032963411,94.05496757912528
456.61387,55.26454695022607,94.14460210308164
456.90807,54.763123005591915,94.04247267116364
457.20226,54.53728693885297,93.60420672840849
457.51046,57.12044240457076,93.21998361125434
457.80465,58.88892987118983,92.58882635250798
458.11285,60.345824396182124,91.85403181768733
458.40704,60.85423092753996,91.24722084013088
458.70123,60.880578272937264,90.56897280983738
459.00944,59.790998812013434,89.34502141765392
459.30363,60.1916250188676,89.01542359549447
459.61183,59.08880377390473,87.76849284626277
459.90602,57.77732226331634,87.00954931827266
460.20021,56.56093592725027,86.89893650147543
460.50841,55.14019443200487,86.01998079171395
460.8026,54.83047572657234,85.816529869295
461.1108,54.64821447701615,85.52394703763844
461.405,55.25530024860108,85.13794363096643
461.7132,57.761891521717104,84.52436379537512
462.00739,58.54052627308134,83.32854943277447
462.30158,58.56457897090749,82.23221990315106
462.60978,58.03018678885651,81.42843092917985
462.90397,56.13772259072184,81.02520239938931
463.21217,56.45849881996704,80.72989981145088
463.50637,56.181677891944034,79.96678974836227
463.80056,55.49732802501813,79.69567373226386
464.10876,57.100063021791975,79.37426806028677
464.40295,58.406386859845824,78.96974306636186
464.71115,57.06439851476238,79.21056597665404
465.00534,54.802634629020226,79.58711365034604
465.31354,55.08370899281739,79.91934667677862
465.60773,55.507023322022945,80.75130086433553
465.90193,56.371363277602995,80.63098335586585
466.21013,56.23820560713589,80.47504126770403
466.50432,56.640363144815424,80.49546527515412
466.81252,56.347700458483914,79.64806625399649
467.10671,58.50476312204152,79.32291680696473
467.4009,61.13003958012472,78.26359287317658
467.7091,62.09474042143948,77.97947933439775
468.0033,61.03020714444477,77.5060068746605
468.3115,62.240475203210075,77.21752481542893
468.60569,62.597016932162,77.29398801535356
468.91389,60.96168243867621,77.72630243615856
469.20808,58.54844362923523,78.01548909546314
469.50227,58.05912941118945,78.12651997497036
469.81047,60.283720945745735,78.3882976914343
470.10466,60.232022089721006,77.78414540482005
470.41287,58.76909853677053,77.94235160788318
470.70706,56.144280068734794,77.28804119073723
471.00125,54.144138887440505,77.29041804165024
471.30945,52.99929294545554,77.43152125227414
471.60364,53.324999026544994,78.34248929202005
471.91184,53.26962685547289,77.97238636032932
472.20603,54.14598259096492,77.68158381819059
472.50023,58.97095001702372,77.49597336962063
472.80843,61.98440474733765,77.36630816684881
473.10262,63.050459960490095,77.52551020468181
473.41082,61.38459279717324,77.77331335303076
473.70501,60.39853787631201,77.84667631263409
474.01321,61.57643660772256,78.77310327798214
474.3074,61.00602057260475,79.22238446854557
474.60159,59.44649634964259,79.48294557555008
474.9098,57.59510563843144,80.1573981601169
475.20399,56.54135039388709,80.67147437339567
475.51219,56.779150569866,80.71984751707572
475.80638,58.97229110582937,80.95766883105681
476.10057,59.12181898465975,80.45349929480477
476.40877,56.95397124265105,80.38082214593919
476.70296,56.154266600436465,79.71396984749339
477.01116,55.173350562774495,79.12692525065219
477.30536,55.111550090369505,79.08610541975497
477.61356,55.215682935161816,78.74442135767623
477.90775,54.220151143318404,78.08050019553421
478.20194,53.54919102644688,77.41803520687645
478.51014,53.49260694324918,76.44492613802359
478.80433,52.790982631199626,76.6702854253798
479.11253,52.88522758830049,76.75159627380684
479.40672,51.608053055267675,76.87550254531513
479.70092,50.92501609314451,77.852764057265
480.00912,50.007615054731886,78.80877483101247
480.30331,50.309390568674516,79.66496726108144
480.61151,49.81900066118392,79.93981765756689
480.9057,49.971093284280116,79.913146196136
481.2139,51.12547011658619,79.75546609446073
481.50809,53.65293164386521,79.61535402127286
481.80229,54.28975858453251,79.25907064568105
482.11049,53.840841437340146,78.32008300969787
482.40468,54.66626398222013,77.82496523571729
482.71288,55.05275591160942,77.24453448489487
483.00707,54.08087284688362,77.00702789227972
483.30126,52.44195663635996,76.83534034115273
483.60946,51.509019166337154,76.64328515058149
483.90365,51.766519960357826,76.09543510713574
484.21186,51.67879255393244,75.34807990167997
484.50605,50.95489348490766,74.64613851959756
484.80024,51.705485153365515,74.38934467431682
485.10844,53.41875076359474,73.72188172247441
485.40263,55.048082064458356,73.10655917603583
485.71083,56.75256600911078,72.6728167657495
486.00502,57.12961629752154,73.14276622512165
486.31322,56.45519189695764,72.51488300804795
486.60742,55.29262761180301,72.09396431909067
486.90161,53.438752011001,72.19251438263771
487.20981,52.106247582900465,71.80474947578315
487.504,50.95536556695659,71.5534045377338
487.8122,49.74090513775678,71.62271839558414
488.10639,50.107332405733246,71.7096660445954
488.40058,54.30491218343636,72.10018358906856
488.70879,58.16677586167925,72.35771021842524
489.00298,61.457659824745896,73.2643332243875
489.31118,64.51659648977356,73.1988993642726
489.60537,65.08340966985132,73.46362230904178
489.91357,63.387845962123386,73.46681649603948
490.20776,63.20695633404268,73.54009490363406
490.50166,64.28166403609187,73.42424925696116
490.8049,62.92888826389042,72.60326804120814
491.10814,62.05555996004549,72.83155846486812
491.41138,63.7379100677373,72.8998764879486
491.70084,63.77980089074553,72.87778022965854
492.00408,62.084241880351414,73.11753214783973
492.30733,59.50942183349751,73.50414151057453
492.61057,57.38277440642547,74.06815038236164
492.90003,58.333303391604794,75.08069826596859
493.20327,59.453918137078446,74.96912719307204
493.50651,58.58386152623927,75.45172187508808
493.80975,57.858482797061136,75.03270090899414
494.113,57.808214279184654,74.5567858356704
494.40245,60.23827893836947,74.26493109075595
494.7057,60.05066272825829,73.98452844569508
495.00894,58.93716914085601,74.02972619171268
495.31218,58.37238286032165,74.50326441412344
495.60164,56.4604693515046,75.44166018604528
495.90488,54.34164063657622,76.90791414867427
496.20812,54.01045276691863,78.57683927630805
496.51137,54.069378471025686,80.2325273172366
496.80082,54.62682281879912,80.84627155951162
497.10407,56.6481372322878,81.43810743684938
497.40731,57.20098993625202,81.85476094669795
497.71055,57.814111781795866,81.72776382953599
498.00001,58.093826267452094,81.62428156547777
498.30325,57.48458676831062,81.26937920602909
498.60649,56.22601837453947,81.07369767374868
498.90974,54.83234291676585,80.82495505863571
499.21298,53.08523771369617,80.40383908165799
499.50244,50.27541240448636,79.05691618739647
499.80568,49.725288851471646,78.676018782587
500.10892,49.7121621521112,77.9532588170136
500.41216,48.09217384821589,78.25649050444048
500.70162,49.74424259343601,77.93623567924934
501.00487,50.23009487645632,77.41727423879759
501.30811,50.33584125541586,77.61204448831688
501.61135,49.729753667267715,77.19044938328949
501.90081,48.664814070897556,77.00724396963545
502.20405,47.35562016187959,76.73583202150637
502.50729,45.60397733433963,76.49010509470594
502.81054,47.14071948827399,75.91069836265632
503.11378,49.399019090323776,75.39712946143013
503.40324,52.889095842701394,75.00573821286642
503.70648,51.674743452179456,74.53587330550303
504.00972,50.46197876048873,74.60387190988372
504.31296,50.28810225180153,74.8165296065902
504.60242,49.93269258030027,75.14139721359275
504.90566,50.05898979472302,75.19784037677584
505.20891,49.61405363794325,74.75229826393327
505.51215,48.89042936294695,74.43698503392093
505.80161,48.83090474877783,73.88082070961349
506.10485,50.5499363362713,73.15993967756816
506.40809,51.49650312037332,71.92970795006715
506.71133,50.02312095367225,71.34011739829543
507.00079,49.944398336180114,70.59104296866148
507.30403,51.05806572493375,70.04572948547863
507.60728,51.211917499545585,69.43509487819256
507.91052,51.97737857821117,69.24726728805948
508.21376,51.921034059038305,69.54677868710078
508.50322,51.44736196261368,69.39922603714179
508.80646,50.92140854077062,69.43571492625682
509.1097,50.933351512008386,69.4535084267676
509.41295,52.738879804466364,69.04443641370477
509.7024,57.67386583459413,68.53517027025785
510.00565,60.599804538504586,68.63652933942936
510.30889,62.70279619245828,69.20858944138425
510.61213,63.94254471827894,69.4828385791407
510.90159,64.52088515555138,70.0043741585259
511.20483,63.98417718792705,70.4679540332379
511.50807,62.354197654996256,70.0881182258718
511.81132,60.09339437402032,70.64893291066119
512.10078,58.77460616067467,70.06117431907933
512.40402,58.74329373342946,70.23503203843124
512.70726,59.18431231380321,70.54022721139495
513.0105,60.30466635724985,70.67156466500674
513.31374,58.610248798974034,70.81790540284014
513.6032,56.24420410242424,71.80177136614117
513.90645,55.14869895488627,72.07015823129007
514.20668,54.449975246470665,72.01357414809237
514.51033,55.86470415442626,72.12754086123721
514.81399,56.06553866190738,72.31014501616227
515.10318,55.17019865178116,72.768351140984
515.40684,57.06138282644984,73.34143526171167
515.71049,56.71536547392199,73.59924373109757
516.01414,54.078040354590065,73.70128861100682
516.30334,55.71698709778356,74.60667152084054
516.60699,57.35391633610129,74.91236461118919
516.91065,56.23093178571536,76.20914816425429
517.2143,53.70787400889276,77.53633286180347
517.5035,53.87645427369772,78.7998123180836
517.80715,53.78445933949671,79.86021663865039
518.11081,50.79674130118346,80.08520953396861
518.4,51.13108812783511,80.144518070782
518.70365,50.092181155496306,79.58359064998092
519.00731,50.924215197728174,78.7394046051563
519.31096,52.528364091981885,78.23725961978073
519.60016,54.07318800875384,77.61228874967553
519.90381,55.41410771039319,77.2291460193
520.20747,56.654953063660855,76.99207158139632
520.51112,55.09628845278779,76.55016520493055
520.80032,53.64711399592893,75.78978899012529
521.10397,51.63890514379851,75.29824118984803
521.40762,49.723975946668915,74.76668150009061
521.71128,47.987597105377574,74.4968948294633
522.00047,45.46563380733507,74.69988541316788
522.30413,43.35138734154826,74.55753740908162
522.60778,42.69575697359884,74.45522947847844
522.91144,42.56879508644053,74.66249463595938
523.20063,44.81811808355998,74.34095274130149
523.50429,46.547011723408886,74.30227489462627
523.80794,47.31275229343677,74.18263380222668
524.11159,48.9964575819357,73.84218044160882
524.40079,49.590808881534166,73.50852882036256
524.70444,50.708757890064874,72.91219289722507
525.0081,51.95535982592915,72.45662667401027
525.31175,52.54068284992527,71.96822608739251
525.60095,52.18459206502008,71.41090621896531
525.9046,52.95359258471916,71.26930978829029
526.20826,53.09945654316981,71.3147611903342
526.51191,51.834335368719536,71.41839376907464
526.8011,51.81248337178813,71.70082566234584
527.10476,50.632181954128555,71.92967037139661
527.40841,51.01065318601992,72.27521564187552
527.71207,51.17590069247947,71.99073571105873
528.00126,50.671179219503564,71.72292192063588
528.30492,49.75399425844667,70.64572932899584
528.60857,47.46543443192739,69.63975771273712
528.91222,45.00272800002625,68.34161193286417
529.20142,47.46266065630658,67.1578368368446
529.50507,51.69175719527609,66.34180661093802
529.80873,53.944596146759935,65.86291342797229
530.11238,54.19273515447701,65.67295324828484
530.40158,55.15381200274952,65.8993271597462
530.70523,55.28700490322028,66.66455102305386
531.00889,54.84455363603137,67.59053643902284
531.31254,52.96425788115784,67.83391469891319
531.60173,51.7286594497673,68.29828372570698
531.90539,51.13746240982907,69.15495528382561
532.20904,50.3127656030243,70.01806218927786
532.5127,49.79656384619191,70.30717369124133
532.80189,48.855852288696724,70.7757327398027
533.10555,49.44349109826618,71.02878750736258
533.4092,51.362535159822244,70.73742128516545
533.71286,49.80030762124658,70.48688428853316
534.00205,54.02622641388675,70.80884894323486
534.3057,61.82161394646604,70.41966544156662
534.60936,63.327776457231124,70.1960723517268
534.91301,62.11670515438257,70.94646203483039
535.20221,60.990016756279445,70.79055752533914
535.50586,59.575456952341376,70.41475203039073
535.80952,56.186422199102395,70.06414303405367
536.11317,54.64409491525586,69.89583756327718
536.40237,54.79336678939304,70.49808273236044
536.70602,53.141643298208706,71.06387659099921
537.00967,50.55413810137344,71.93775918023492
537.31333,50.65977644165511,72.99587120189747
537.60252,54.241105949490155,73.2248286469599
537.90618,53.98244491401591,73.22599358574732
538.20983,53.491218881105326,73.06926234550372
538.51349,51.53441999896969,72.72668578999915
538.80268,52.25077749854619,72.03080396854475
539.10633,55.759544942194246,71.69579012049063
539.40999,57.370455648482086,71.47742046585884
539.71364,56.911251340223565,70.83583042869788
540.00284,53.986449391097594,70.95394958493974
540.30649,52.025768162559594,71.18483293686845
540.61015,50.77879748599044,71.96035335590992
540.9138,50.48466688284012,72.44072150169518
541.203,50.64079451568783,73.44934241422848
541.50665,50.33803725897678,75.10405340972244
541.8103,49.591821156972415,76.18249549215867
542.11396,50.48947695267197,76.8304645086474
542.40315,50.49562811130947,76.99167700535543
542.70681,51.365820944829444,76.1681968080101
543.01046,50.87073840085251,75.22477488890067
543.31412,51.17441163765848,74.64494539680723
543.60331,51.95668212539953,73.41534311203813
543.90697,53.59767925480553,72.97836893608354
544.21062,54.896776244777044,72.47214666495208
544.51427,54.18582302776064,72.38564995998757
544.80347,54.65510076839651,72.6478927124997
545.10712,55.66044998792406,72.57337420877661
545.41078,56.33014887066487,72.9810370216934
545.71443,58.0190259236998,73.19718014009443
546.00363,57.02414001525666,72.88805799605706
546.30728,56.00145528526579,73.36494072014777
546.61094,57.160101994014404,73.94006348375339
546.90013,56.286724368164364,73.64786113613627
547.20378,54.433863391467504,73.82872727754787
547.50744,53.01931533086399,72.91412819875897
547.81109,51.77265702699387,72.27421041243801
548.10029,50.43412591960207,71.59006253086636
548.40394,50.16817462203892,71.15483576309288
548.7076,48.99050371131864,70.99848030955489
549.01125,50.47936829029098,70.55935475471065
549.30045,50.96802018426811,70.47519732198859
549.6041,48.67099811087181,70.69793549707315
549.90775,46.226728714214815,70.76684538421495
550.21141,45.14126411771744,70.6922423284831
550.5006,45.661531416971194,71.37320541772468
550.80426,45.78332388826041,71.49243314474808
551.10791,46.701006766702235,71.77162387768335
551.41157,47.58105225791,72.30622743975624
551.70076,49.08262077619897,73.00162073849336
552.00441,51.324693438566996,72.6642676181968
552.30807,55.253945067793964,73.2732581586458
552.61172,56.063293336341346,73.66109822284149
552.90092,53.64425801696627,73.86051883284273
553.20457,51.12226418625393,74.1677056753462
553.50823,48.34392745430759,74.09815695080485
553.81188,46.482179122022984,73.39710806214825
554.10108,48.07700615731058,73.17188030013902
554.40473,48.16784554739182,72.63283306027226
554.70838,47.58428402357828,71.66968233911815
555.01204,45.9502107642232,71.18635487302618
555.30123,46.86500713103254,70.95377108625456
555.60489,51.023974824733905,70.3263388132276
555.90854,51.76468565150105,69.79232711521604
556.2122,52.599939716066636,69.54615863903652
556.50139,52.219448630632606,69.57845750638397
556.80505,53.34307201841808,68.93968586951513
557.1087,53.525861718029034,68.57110487398211
557.41235,53.63509821601695,68.27400790452437
557.70155,51.4065069017128,68.07224802228068
558.0052,51.046827353769004,67.99354889145765
558.30886,53.53677597316018,68.41159281211698
558.61251,53.575686337859516,68.79471675315722
558.90171,54.54386555486811,69.46094900353874
559.20536,56.85851202475767,70.09748470950919
559.50902,56.40223650413602,70.9128948873515
559.81267,56.12855104643798,71.20790624059309
560.10186,55.928383560359315,70.71203689320129
560.40552,55.99250451567147,70.36460329452666
560.70917,56.085936834021446,69.30010289886869
561.01283,54.56687544458618,69.13276507885915
561.30202,52.375442389466436,68.76925720385192
561.60568,51.82819830208349,68.59585042854674
561.90933,51.111046953091375,68.93636015717044
562.21298,49.22943359608129,68.68848185148039
562.50218,49.078052619058866,69.0907990985098
562.80583,50.99172762805848,69.71987543837383
563.10949,50.24938682645573,70.54782749751598
563.41314,48.98777925770295,71.4362060589207
563.70234,47.1007686641335,71.66483469061575
564.00599,51.18099495100745,72.12707112785517
564.30965,51.89629789914132,72.34143865407219
564.6133,52.02402780037922,72.20656880542765
564.90249,49.485480565284625,72.14723208461132
565.20615,47.062642754182136,72.13625911280742
565.5098,47.03093809956293,72.42780383368974
565.81346,48.800186534260874,72.82765028312974
566.10265,48.913988840721984,73.15697096259382
566.40631,46.97022740860422,73.61745999165217
566.70996,45.958168047714565,73.8538955921563
567.01362,46.428742252484795,73.92969177067847
567.30281,46.91717572043929,74.00084698338632
567.60646,47.015871401334756,73.93621167002087
567.91012,48.035495818341786,73.43704479428729
568.21377,47.29876598198723,73.01082751278088
568.50297,46.6705516028792,72.16179381945383
568.80662,46.60120721235903,71.52332281194947
569.11028,46.10845689462381,70.97754899005224
569.41393,45.86400999128937,70.10472799825989
569.70313,45.33741303471295,70.06397393003614
570.00678,44.253143909672815,69.96601573055044
570.31043,44.64043908314536,69.73428685853409
570.61409,48.95087700321174,69.61320838198554
570.90328,52.98855249167573,69.4556034376514
571.20694,55.32853638019126,69.55639882676448
571.51059,54.69550488525065,69.47703267453898
571.81425,53.84137458472873,69.37073201018868
572.10344,53.08332589883136,69.16034782305115
572.4071,54.39840086979218,68.2111387886753
572.71075,54.19860917041913,67.91981953981636
573.0144,53.280985008650056,67.46378358321954
573.3036,52.39302920728913,67.46300382580537
573.60725,51.04962696472582,67.41401063406107
573.91091,49.34497626472279,67.124758212083
574.2001,49.02156717987139,66.75464588572461
574.50376,48.20546884262443,66.74455601267891
574.80741,47.037126836870996,67.15322405503319
575.11106,49.87113402058702,67.14062580572751
575.40026,49.68771018091033,67.56540570308496
575.70391,48.271757617494586,67.74650671118758
576.00757,48.19840170389199,67.51964427700892
576.31122,49.40637981241997,68.14666318465973
576.60042,52.775497870261454,67.40262429688099
576.90407,52.87649289606189,67.63601602506967
577.20773,51.982266154051054,67.44648800009368
577.51138,50.44343838390054,67.77389216735912
577.80132,48.81530490316106,68.74450225461966
578.1118,50.30293643200561,70.09900664566692
578.41063,52.7299431268735,70.96276178318635
578.70946,52.37684454361176,71.54206517389193
579.0083,52.20576294854756,71.84192417563594
579.30713,53.39252320020985,71.67394751822687
579.60596,55.207321680961925,71.23614661151993
579.90479,55.422551167934934,71.19643535140425
580.20362,55.42458511347907,70.76962620583649
580.50246,54.2754998277214,70.44158320117151
580.80129,53.24061142446574,70.02464785129374
581.10012,52.73254310114296,69.41354351062564
581.41318,51.26023192655288,69.27935947271884
581.71201,49.95327629710023,68.8855443999039
582.01085,48.28630760900255,68.66228951809914
582.30968,47.56598555968183,68.60765013110299
582.60851,46.14066416396176,68.96241157053709
582.90734,44.516279155610775,69.12213970975793
583.20617,44.87718940501546,69.50149638907439
583.50501,44.86305043021676,69.84148001631024
583.80384,45.89163501148576,70.36904697232052
584.10267,49.15438429363653,70.89941353928762
584.4015,52.58768202346292,71.14075315630002
584.70033,55.99457603988616,70.51713511833502
585.01339,59.63019968068157,70.55218662330108
585.31223,60.94331586343937,70.69712755565607
585.61106,60.96722529258401,70.96541107946094
585.90989,60.589822704136736,71.50723914094922
586.20872,58.36690107175352,71.78750086599551
586.50755,58.47070510317842,72.17801841046868
586.80639,58.53371983637592,72.72366070701895
587.10522,58.04397346361869,72.84118799919946
587.40405,57.23458057040002,72.81922326625639
587.70288,57.80151118382328,72.46862366458697
588.00171,60.545357742195065,72.15579062683167
588.30055,60.04261149809053,71.50608359682948
588.61361,59.03768503860679,71.00294277668405
588.91244,58.23099311233471,70.18983429241362
589.21127,56.65502822100198,69.59132820105123
589.5101,55.88169910818762,69.02835274270454
589.80894,56.30062377893823,68.71270130465714
590.10777,56.06232568557439,68.37856116069358
590.4066,53.9711689641806,68.46947335944904
590.70543,51.98585256842275,69.06384579704971
591.00426,51.30166475951364,69.80570512193587
591.3031,52.9985390233774,71.06336927894664
591.60193,52.74288663021496,72.72736220606924
591.90076,52.813950244913315,74.29692932873891
592.21382,53.206140040226465,75.79365019852547
592.51265,54.90546396367744,77.08451511097715
592.81149,54.45659613849019,77.61235451234901
593.11032,53.607019903106924,77.74582455551516
593.40915,53.480245909301416,77.81588059210908
593.70798,55.47577430878431,77.25016189081143
594.00681,54.530222148787445,76.82456465736928
594.30565,53.341132019550344,76.91988295524804
594.60448,52.81793593265973,76.54935726351349
594.90331,54.000431005213315,76.38156849945722
595.20214,56.95777608304538,76.55482496008017
595.50097,57.870961264354406,76.38420840106416
595.81404,56.91464986124245,76.35187195504615
596.11287,55.453769648503744,75.84339496368102
596.4117,55.12617758788549,75.45655073425522
596.71053,54.93149658770879,75.16667826421288
597.00936,53.507631365472974,74.43056847592258
597.3082,51.847391608072684,74.26817225109187
597.60703,51.615127240000845,73.66143643087653
597.90586,52.176648873530176,73.22500714564508
598.20469,52.64840210908927,72.7925987781637
598.50352,51.47459710410298,72.93801883856833
598.80236,51.55075027999549,73.00723874974227
599.10119,53.81028293217307,72.97925203484172
599.40002,56.43044399372611,73.08251822154422
599.71308,57.967406922350015,73.49400466419061
600.0,57.989679330658326,73.76489990559948
